{"cameraMode":{"drawMode":0,"name":"Shaded","section":"Shading Mode"},"sceneLighting":true,"audioPlay":false,"sceneViewState":{"m_AlwaysRefresh":false,"showFog":true,"showSkybox":true,"showFlares":true,"showImageEffects":true,"showParticleSystems":true,"showVisualEffectGraphs":true,"m_FxEnabled":true},"in2DMode":false,"pivot":{"x":14.727029800415039,"y":7.5501179695129398,"z":-61.91411590576172},"rotation":{"x":0.13178850710391999,"y":-0.04679092392325401,"z":0.00622919574379921,"w":0.9902567863464356},"size":29.455860137939454,"orthographic":false}