{"cameraMode":{"drawMode":0,"name":"Shaded","section":"Shading Mode"},"sceneLighting":true,"audioPlay":false,"sceneViewState":{"m_AlwaysRefresh":false,"showFog":true,"showSkybox":true,"showFlares":true,"showImageEffects":true,"showParticleSystems":true,"showVisualEffectGraphs":true,"m_FxEnabled":true},"in2DMode":false,"pivot":{"x":13.292556762695313,"y":-1.643754482269287,"z":-46.03181076049805},"rotation":{"x":0.07476911693811417,"y":0.1117139607667923,"z":-0.008432650938630104,"w":0.9909646511077881},"size":17.180727005004884,"orthographic":false}